Tags,Counts,Categories,Numof Post,Theme
#king5seattle,10,animal,31,objects/scenes
#beautiful,21,attachment,93,experiences
#love,21,attachment,93,experiences
#beauty,15,attachment,93,experiences
#amazing,13,attachment,93,experiences
#inspiration,13,attachment,93,experiences
#happy,10,attachment,93,experiences
#loveparks,19,attachment,93,experiences
#lifeisgood,14,attachment,93,experiences
#brutalism,62,brutalism,82,experiences
#brutalist,38,brutalism,82,experiences
#brutalistarchitecture,18,brutalism,82,experiences
#city,37,city,58,city vs park
#urban,23,city,58,city vs park
#cityscape,10,city,58,city vs park
#cosplay,88,cosplay,208,activities
#smwaxpublicaspect,40,cosplay,208,activities
#moodygrams,30,cosplay,208,activities
#halocosplay,26,cosplay,208,activities
#illgrammers,25,cosplay,208,activities
#sakuracon,24,cosplay,208,activities
#shoot2kill,24,cosplay,208,activities
#cosplayer,23,cosplay,208,activities
#emeraldcity,22,cosplay,208,activities
#halo5,22,cosplay,208,activities
#foamarmor,21,cosplay,208,activities
#evafoam,20,cosplay,208,activities
#cosplayphotography,19,cosplay,208,activities
#halo,19,cosplay,208,activities
#haloreach,19,cosplay,208,activities
#foamsmith,17,cosplay,208,activities
#halo4,16,cosplay,208,activities
#haloarmor,14,cosplay,208,activities
#unsc,14,cosplay,208,activities
#xbox,14,cosplay,208,activities
#xbox360,14,cosplay,208,activities
#343industries,13,cosplay,208,activities
#ECCC,13,cosplay,208,activities
#girlswhocosplay,13,cosplay,208,activities
#halo3,13,cosplay,208,activities
#microsoft,13,cosplay,208,activities
#teamairassault,13,cosplay,208,activities
#xboxone,13,cosplay,208,activities
#Cosplay,12,cosplay,208,activities
#halo2,12,cosplay,208,activities
#sakuracon2017,12,cosplay,208,activities
#blackrapid,11,cosplay,208,activities
#eccc2017,11,cosplay,208,activities
#foamgun,11,cosplay,208,activities
#fuelrodcannon,11,cosplay,208,activities
#girlswhoweararmor,11,cosplay,208,activities
#halospartan,11,cosplay,208,activities
#spartansneverdie,11,cosplay,208,activities
#RedHood,10,cosplay,208,activities
#foam,10,cosplay,208,activities
#pax,10,cosplay,208,activities
#videogamecosplay,10,cosplay,208,activities
#design,20,design,56,experiences
#modernism,13,design,56,experiences
#landscapearchitecture,34,design,56,experiences
#findingfreewaypark,65,discovery,197,experiences
#pnwonderland,64,discovery,197,experiences
#wanderlust,28,discovery,197,experiences
#explore,23,discovery,197,experiences
#adventure,16,discovery,197,experiences
#exploremore,15,discovery,197,experiences
#KeepExploring,14,discovery,197,experiences
#createexplore,14,discovery,197,experiences
#exploreseattle,12,discovery,197,experiences
#architecture,93,concrete structure,147,objects/scenes
#concrete,57,concrete structure,147,objects/scenes
#skyline,19,concrete structure,147,objects/scenes
#concretejungle,17,concrete structure,147,objects/scenes
#sculpture,11,concrete structure,147,objects/scenes
#archilovers,10,concrete structure,147,objects/scenes
#music,16,music/party,26,activities
#blues,15,music/party,26,activities
#seattlemusic,10,music/party,26,activities
#nature,32,parks,55,city vs park
#landscape,23,parks,55,city vs park
#travel,52,physical activities,77,activities
#GetOutside,16,physical activities,77,activities
#fitness,13,physical activities,77,activities
#training,10,physical activities,77,activities
#green,16,plants/natural scene,59,objects/scenes
#flowers,15,plants/natural scene,59,objects/scenes
#trees,12,plants/natural scene,59,objects/scenes
#fallcolors,11,plants/natural scene,59,objects/scenes
#leaves,11,plants/natural scene,59,objects/scenes
#portrait,34,portrait,154,activities
#makeportraits,33,portrait,154,activities
#fashion,28,portrait,154,activities
#model,27,portrait,154,activities
#PursuitOfPortraits,23,portrait,154,activities
#Portraits,22,portrait,154,activities
#portraitpage,21,portrait,154,activities
#ootd,17,portrait,154,activities
#seattlemodels,13,portrait,154,activities
#modeling,12,portrait,154,activities
#portraitphotography,12,portrait,154,activities
#moodyports,11,portrait,154,activities
#seattlefashion,11,portrait,154,activities
#streetwear,11,portrait,154,activities
#heffnerscoutme,10,portrait,154,activities
#highsnobiety,10,portrait,154,activities
#iamsmg,10,portrait,154,activities
#musemodels,10,portrait,154,activities
#tcmmodels,10,portrait,154,activities
#seattlelife,41,public city life,60,activities
#citylife,17,public city life,60,activities
#publicspace,14,public city life,60,activities
#spring,32,seasons,108,experiences
#autumn,27,seasons,108,experiences
#fall,27,seasons,108,experiences
#summer,27,seasons,108,experiences
#winter,10,seasons,108,experiences
#sun,17,sun,30,objects/scenes
#sunshine,14,sun,30,objects/scenes
#art,26,cosplay,106,activities
#AOV,25,cosplay,106,activities
#ArtOfVisuals,25,cosplay,106,activities
#BeVisuallyInspired,25,cosplay,106,activities
#CreateCommune,25,cosplay,106,activities
#VisualsGang,25,cosplay,106,activities
#agameoftones,21,cosplay,106,activities
#createcommune,20,cosplay,106,activities
#heatercentral,20,cosplay,106,activities
#blackandwhite,19,cosplay,106,activities
#way2ill,19,cosplay,106,activities
#artofvisuals,17,cosplay,106,activities
#fatalframes,17,cosplay,106,activities
#thecreatorclass,17,cosplay,106,activities
#killeverygram,11,cosplay,106,activities
#exploretocreate,10,cosplay,106,activities
#urbanromantix,10,cosplay,106,activities
#fountain,19,water,38,objects/scenes
#waterfall,19,water,38,objects/scenes
#waterfeature,10,water,38,objects/scenes
,2590,,,
